{
    "AP (IoU=0.50:0.95)": 0.034701029677379924,
    "AP (IoU=0.50)": 0.0522790815020265,
    "AP (IoU=0.75)": 0.03845652870689889,
    "Precision": 0.03140734336136005,
    "Recall": 0.03582769360654296
}