{
    "AP (IoU=0.50:0.95)": 0.2556703409607126,
    "AP (IoU=0.50)": 0.425797911798653,
    "AP (IoU=0.75)": 0.2679969045507776,
    "AP (small)": 0.07409386162674893,
    "AP (medium)": 0.27439960503112093,
    "AP (large)": 0.41863107085084844,
    "AR (max=1)": 0.23871242910656434,
    "AR (max=10)": 0.3393109514570048,
    "AR (max=100)": 0.3460494790999799,
    "AR (small)": 0.10055436155449411,
    "AR (medium)": 0.3744247712066226,
    "AR (large)": 0.5598043808802181
}